Coverage_1_test,Coverage_10_test,Coverage_100_test,Coverage_20_test,Coverage_5_test,HitRate_1_test,HitRate_10_test,HitRate_100_test,HitRate_20_test,HitRate_5_test,MAP_1_test,MAP_10_test,MAP_100_test,MAP_20_test,MAP_5_test,MRR_1_test,MRR_10_test,MRR_100_test,MRR_20_test,MRR_5_test,NDCG_1_test,NDCG_10_test,NDCG_100_test,NDCG_20_test,NDCG_5_test,Precision_1_test,Precision_10_test,Precision_100_test,Precision_20_test,Precision_5_test,Recall_1_test,Recall_10_test,Recall_100_test,Recall_20_test,Recall_5_test,Surprisal_1_test,Surprisal_10_test,Surprisal_100_test,Surprisal_20_test,Surprisal_5_test,dataset,model,batch_size,loss_sample_count,max_seq_len,learning_rate
0.0099686465988375,0.0391471379177871,0.1444084369152219,0.0586779522387319,0.025912408759124,0.0028149034731919,0.0121018684752975,0.0367378150142961,0.0177261342731121,0.0082119821796662,0.0028149034731919,0.0051931754334673,0.0060242383439478,0.0055795131253956,0.0046826399509423,0.0028149034731919,0.0051931754334673,0.0060242383439478,0.0055795131253956,0.0046826399509423,0.0028149034731919,0.0068038915432403,0.0116617696841368,0.008220927937122,0.0055546454653571,0.0028149034731919,0.0012101868475297,0.0003673781501429,0.0008863067136556,0.0016423964359332,0.0028149034731919,0.0121018684752975,0.0367378150142961,0.0177261342731121,0.0082119821796662,0.4003594035507684,0.4265482774370889,0.4646276307457051,0.4366977434902552,0.417119397195747,megamarket,sasrec,64,128,256,0.001001489887641
0.0099190760041143,0.0347874041118808,0.0801754799053201,0.046912371581178,0.0248336286914602,0.0039674623756012,0.0178923687301903,0.0453709244852272,0.0253507547044351,0.0120575392867433,0.0039674623756012,0.0075579903186459,0.0085458257470536,0.0080684123936566,0.0067863370052677,0.0039674623756012,0.0075579903186459,0.0085458257470536,0.0080684123936566,0.0067863370052677,0.0039674623756012,0.0099694460110548,0.0154898538119538,0.0118462168517366,0.0080896894762056,0.0039674623756012,0.001789236873019,0.0004537092448522,0.0012675377352217,0.0024115078573486,0.0039674623756012,0.0178923687301903,0.0453709244852272,0.0253507547044351,0.0120575392867433,0.3962168244374432,0.4285131126465184,0.4704808738773818,0.441114089208996,0.4169089522120353,megamarket,sasrec,64,128,256,1.578580096410984e-05
0.0108826044390467,0.0382678794938842,0.0888181130953118,0.0517628542748441,0.0270934281784045,0.0041392379812487,0.0181583438615156,0.046612141764745,0.0256998470642994,0.0123013498237914,0.0041392379812487,0.0077324243562856,0.0087501374931118,0.0082540041125531,0.006957373791106,0.0041392379812487,0.0077324243562856,0.0087501374931118,0.0082540041125531,0.006957373791106,0.0041392379812487,0.0101640084675554,0.0158681615884399,0.0120686117142719,0.0082766621277536,0.0041392379812487,0.0018158343861515,0.0004661214176474,0.0012849923532149,0.0024602699647582,0.0041392379812487,0.0181583438615156,0.046612141764745,0.0256998470642994,0.0123013498237914,0.4084230067747274,0.441236227083731,0.4837797605956727,0.4538761445083205,0.4295034070021223,megamarket,sasrec,64,128,256,2.339361128204446e-05
0.0104215979081209,0.0343945571486993,0.0750083650378595,0.0453930328529116,0.025062892692055,0.0037125695414145,0.0171332313761996,0.0438194028858301,0.0245306647161823,0.0115588359155085,0.0037125695414145,0.0071902515540722,0.0081612557335467,0.007698660263454,0.0064491581148273,0.0037125695414145,0.0071902515540722,0.0081612557335467,0.007698660263454,0.0064491581148273,0.0037125695414145,0.0095125802674761,0.0148905440295865,0.0113765962223813,0.007712853061051,0.0037125695414145,0.0017133231376199,0.0004381940288583,0.0012265332358091,0.0023117671831017,0.0037125695414145,0.0171332313761996,0.0438194028858301,0.0245306647161823,0.0115588359155085,0.3993507943075695,0.430271110527544,0.4692823560814941,0.4422002235501283,0.41917709536967,megamarket,sasrec,64,128,256,1.6317510782919843e-05
1.673007571908344e-05,9.232523267197898e-05,0.0006710619260654,0.0001673007571908,5.576691906361146e-05,0.0001274464170933,0.0007757607996985,0.0039009685927699,0.0014019105880266,0.0005596560054968,0.0001274464170933,0.0002781612604406,0.0003732730914346,0.0003199575226257,0.0002490746281889,0.0001274464170933,0.0002781612604406,0.0003732730914346,0.0003199575226257,0.0002490746281889,0.0001274464170933,0.0003947186012634,0.0009914488641592,0.0005510736583005,0.0003245992169851,0.0001274464170933,7.757607996985615e-05,3.900968592769911e-05,7.00955294013343e-05,0.0001119312010993,0.0001274464170933,0.0007757607996985,0.0039009685927699,0.0014019105880266,0.0005596560054968,0.1772426785958796,0.2649634014563726,0.3471889761623956,0.278802714835296,0.2433930485332041,megamarket,sasrec,64,128,256,0.0051255833590289
6.196324340401274e-06,3.098162170200637e-05,0.0002106750275736,5.576691906361146e-05,1.7969340587163693e-05,0.0002438105370481,0.0012855464680719,0.005391537557905,0.001872908216415,0.0008644191768069,0.0002438105370481,0.0005408842652841,0.0006522587167253,0.0005819899798663,0.0004864204919062,0.0002438105370481,0.0005408842652841,0.0006522587167253,0.0005819899798663,0.0004864204919062,0.0002438105370481,0.0007157959001484,0.0014763438099984,0.0008646901932621,0.0005814443555515,0.0002438105370481,0.0001285546468071,5.3915375579050026e-05,9.364541082075497e-05,0.0001728838353613,0.0002438105370481,0.0012855464680719,0.005391537557905,0.001872908216415,0.0008644191768069,0.2521678122252125,0.2730348270520354,0.3058578808512333,0.2791470246447611,0.2604654683162637,megamarket,sasrec,64,128,256,0.0056593623659759
0.0085738539898132,0.0308360080800069,0.0926455826403777,0.0432144052148265,0.0214516748664692,0.0025045991533124,0.01193009286965,0.035086552740652,0.0171055256333532,0.0078573486712325,0.0025045991533124,0.0048951693849958,0.0056654519042274,0.0052484218753215,0.0043584827596397,0.0025045991533124,0.0048951693849958,0.0056654519042274,0.0052484218753215,0.0043584827596397,0.0025045991533124,0.0065324491361447,0.0110816104926307,0.0078336929951163,0.005222331871234,0.0025045991533124,0.001193009286965,0.0003508655274065,0.0008552762816676,0.0015714697342465,0.0025045991533124,0.01193009286965,0.035086552740652,0.0171055256333532,0.0078573486712325,0.3839814727104863,0.415789758102732,0.4598524726029665,0.4280981878534023,0.4045502299577487,megamarket,sasrec,64,128,256,0.0016058114224184
0.0090274249315306,0.0368637923983493,0.1340810231370751,0.0552427100244135,0.0241346833058629,0.0025710929361438,0.0126393598865172,0.0386550524192654,0.0186625883813196,0.008228605625374,0.0025710929361438,0.0050429201536323,0.0059156866532664,0.0054553348588315,0.0044621945903613,0.0025710929361438,0.0050429201536323,0.0059156866532664,0.0054553348588315,0.0044621945903613,0.0025710929361438,0.0068067030794527,0.0119257036010491,0.0083225501841765,0.0053883320317689,0.0025710929361438,0.0012639359886517,0.0003865505241926,0.0009331294190659,0.0016457211250748,0.0025710929361438,0.0126393598865172,0.0386550524192654,0.0186625883813196,0.008228605625374,0.3942895535958869,0.4223140479419048,0.4650377050615912,0.4338572966269318,0.4119156273458334,megamarket,sasrec,64,128,256,0.0008811653096711
0.0089790936016754,0.0328876110691138,0.1014945534309047,0.0462078495036744,0.0227869827618256,0.0024935168561739,0.0119855043553427,0.0352139991577454,0.0172994658332779,0.0078296429283861,0.0024935168561739,0.0048750013632984,0.0056619030198898,0.0052365232786681,0.0043185864899409,0.0024935168561739,0.0048750013632984,0.0056619030198898,0.0052365232786681,0.0043185864899409,0.0024935168561739,0.0065304939933052,0.0111196301656324,0.0078649144680619,0.0051849108587404,0.0024935168561739,0.0011985504355342,0.0003521399915774,0.0008649732916638,0.0015659285856772,0.0024935168561739,0.0119855043553427,0.0352139991577454,0.0172994658332779,0.0078296429283861,0.3837207401697701,0.421674172335619,0.4664145868573885,0.4347062984798205,0.4091753653387912,megamarket,sasrec,64,128,256,0.0015585289894997
0.0107289355954048,0.0361989267966242,0.0825610647763746,0.0484174587634615,0.0261069733434126,0.003984085821309,0.0178757452844825,0.0449276325996852,0.02500720349314,0.0120741627324511,0.003984085821309,0.0075776504017244,0.0085416209768632,0.0080667385705678,0.0068125651084956,0.003984085821309,0.0075776504017244,0.0085416209768632,0.0080667385705678,0.0068125651084956,0.003984085821309,0.0099804630515106,0.0153999221415786,0.0117763116641149,0.0081136461906066,0.003984085821309,0.0017875745284482,0.0004492763259968,0.001250360174657,0.0024148325464902,0.003984085821309,0.0178757452844825,0.0449276325996852,0.02500720349314,0.0120741627324511,0.404180540222888,0.4332492373617593,0.4709432661384061,0.4443771850803563,0.4227991143234028,megamarket,sasrec,64,128,256,4.345830661801756e-05
1.2392648680802549e-06,8.055221642521656e-06,6.753993531037389e-05,1.425154598292293e-05,4.337427038280892e-06,0.0,1.108229713855088e-05,0.0002715162798944,1.662344570782632e-05,0.0,0.0,1.847049523091813e-06,7.517091788987899e-06,2.124106951555585e-06,0.0,0.0,1.847049523091813e-06,7.517091788987899e-06,2.124106951555585e-06,0.0,0.0,3.947593890418492e-06,5.014839878879358e-05,5.209148563252196e-06,0.0,0.0,1.108229713855088e-06,2.715162798944966e-06,8.31172285391316e-07,0.0,0.0,1.108229713855088e-05,0.0002715162798944,1.662344570782632e-05,0.0,0.6924489879610369,0.6703773634153513,0.6601228921462619,0.6854588455241583,0.701660547193917,megamarket,sasrec,64,128,256,0.0064541667149593
1.2392648680802549e-06,8.055221642521656e-06,6.753993531037389e-05,1.425154598292293e-05,4.337427038280892e-06,0.0,1.108229713855088e-05,0.0002715162798944,1.662344570782632e-05,0.0,0.0,1.847049523091813e-06,7.517091788987899e-06,2.124106951555585e-06,0.0,0.0,1.847049523091813e-06,7.517091788987899e-06,2.124106951555585e-06,0.0,0.0,3.947593890418492e-06,5.014839878879358e-05,5.209148563252196e-06,0.0,0.0,1.108229713855088e-06,2.715162798944966e-06,8.31172285391316e-07,0.0,0.0,1.108229713855088e-05,0.0002715162798944,1.662344570782632e-05,0.0,0.6924489879610369,0.6703773634153513,0.6601228921462619,0.6854588455241583,0.701660547193917,megamarket,sasrec,64,128,256,0.0033338272418901
1.2392648680802549e-06,8.055221642521656e-06,6.753993531037389e-05,1.425154598292293e-05,4.337427038280892e-06,0.0,1.108229713855088e-05,0.0002715162798944,1.662344570782632e-05,0.0,0.0,1.847049523091813e-06,7.517091788987899e-06,2.124106951555585e-06,0.0,0.0,1.847049523091813e-06,7.517091788987899e-06,2.124106951555585e-06,0.0,0.0,3.947593890418492e-06,5.014839878879358e-05,5.209148563252196e-06,0.0,0.0,1.108229713855088e-06,2.715162798944966e-06,8.31172285391316e-07,0.0,0.0,1.108229713855088e-05,0.0002715162798944,1.662344570782632e-05,0.0,0.6924489879610369,0.6703773634153513,0.6601228921462619,0.6854588455241583,0.701660547193917,megamarket,sasrec,64,128,256,0.0024949049350327
1.2392648680802549e-06,8.055221642521656e-06,6.753993531037389e-05,1.425154598292293e-05,4.337427038280892e-06,0.0,1.108229713855088e-05,0.0002715162798944,1.662344570782632e-05,0.0,0.0,1.847049523091813e-06,7.517091788987899e-06,2.124106951555585e-06,0.0,0.0,1.847049523091813e-06,7.517091788987899e-06,2.124106951555585e-06,0.0,0.0,3.947593890418492e-06,5.014839878879358e-05,5.209148563252196e-06,0.0,0.0,1.108229713855088e-06,2.715162798944966e-06,8.31172285391316e-07,0.0,0.0,1.108229713855088e-05,0.0002715162798944,1.662344570782632e-05,0.0,0.6924489879610369,0.6703773634153513,0.6601228921462619,0.6854588455241583,0.701660547193917,megamarket,sasrec,64,128,256,0.0040596675808189
0.0092994435700742,0.033030126528943,0.0802560321217453,0.0446519524617996,0.0234741551311761,0.0035352527871977,0.0165735753707028,0.0424784449320655,0.0232672828423875,0.0108883569386262,0.0035352527871977,0.0068559751700253,0.0077770103428806,0.0073170658373711,0.0061079157154361,0.0035352527871977,0.0068559751700253,0.0077770103428806,0.0073170658373711,0.0061079157154361,0.0035352527871977,0.0091178871457872,0.0143056204853817,0.0108059423681934,0.0072903181124972,0.0035352527871977,0.0016573575370702,0.0004247844493206,0.0011633641421193,0.0021776713877252,0.0035352527871977,0.0165735753707028,0.0424784449320655,0.0232672828423875,0.0108883569386262,0.388346870543217,0.4185782812038487,0.4557535796992167,0.4296104719360465,0.4081227613192193,megamarket,sasrec,64,128,256,0.0001876281392085
0.0116924640303372,0.045785260183659,0.1191261943415166,0.0641555029556467,0.031562836925136,0.0042389786554957,0.0192776558725092,0.0497650553006627,0.0271682514351574,0.0127224771150564,0.0042389786554957,0.0080618764228877,0.0091401270499358,0.008602815651291,0.0071951814172041,0.0042389786554957,0.0080618764228877,0.0091401270499358,0.008602815651291,0.0071951814172041,0.0042389786554957,0.0106727131374288,0.0167669902395636,0.012659393358453,0.0085611604764585,0.0042389786554957,0.0019277655872509,0.0004976505530066,0.0013584125717578,0.0025444954230112,0.0042389786554957,0.0192776558725092,0.0497650553006627,0.0271682514351574,0.0127224771150564,0.4082290859107348,0.4373842115137958,0.4747792589569334,0.4484865762161921,0.4270351230096082,megamarket,sasrec,128,128,256,5.705137836193363e-05
0.0110703530665609,0.038712155949091,0.1069690059856493,0.0531960640947789,0.0272210724598168,0.0025877163818516,0.0123290555666378,0.0366657800828955,0.0179921094044373,0.0082008998825276,0.0025877163818516,0.0051104452057806,0.0059401211019055,0.0055011175816187,0.0045666452408921,0.0025877163818516,0.0051104452057806,0.0059401211019055,0.0055011175816187,0.0045666452408921,0.0025877163818516,0.0067940990250463,0.0116065418392711,0.0082229342745167,0.0054661979071737,0.0025877163818516,0.0012329055566637,0.0003666578008289,0.0008996054702218,0.0016401799765055,0.0025877163818516,0.0123290555666378,0.0366657800828955,0.0179921094044373,0.0082008998825276,0.4086517804432927,0.4338529230713358,0.4726587990878355,0.4444707598674717,0.4243871938832938,megamarket,sasrec,128,128,256,0.0026547097227325
0.0123771578699515,0.045630352075149,0.112431065891713,0.0618194886793154,0.0321849478889122,0.0043387193297426,0.0190837156725846,0.0485681672096992,0.0267637475896003,0.0128776292749961,0.0043387193297426,0.0081468692862402,0.0092012239757524,0.0086789844858777,0.0073251213511536,0.0043387193297426,0.0081468692862402,0.0092012239757524,0.0086789844858777,0.0073251213511536,0.0043387193297426,0.0106985088992781,0.0166106495635045,0.0126392804414681,0.0086981804313431,0.0043387193297426,0.0019083715672584,0.0004856816720969,0.00133818737948,0.0025755258549992,0.0043387193297426,0.0190837156725846,0.0485681672096992,0.0267637475896003,0.0128776292749961,0.4119699111361936,0.4403305144237818,0.4765056577794128,0.4510275828237244,0.4302816124811424,megamarket,sasrec,128,128,256,6.225649385362329e-05
1.2392648680802549e-06,8.055221642521656e-06,6.753993531037389e-05,1.425154598292293e-05,4.337427038280892e-06,0.0,1.108229713855088e-05,0.0002715162798944,1.662344570782632e-05,0.0,0.0,1.847049523091813e-06,7.517091788987899e-06,2.124106951555585e-06,0.0,0.0,1.847049523091813e-06,7.517091788987899e-06,2.124106951555585e-06,0.0,0.0,3.947593890418492e-06,5.014839878879358e-05,5.209148563252196e-06,0.0,0.0,1.108229713855088e-06,2.715162798944966e-06,8.31172285391316e-07,0.0,0.0,1.108229713855088e-05,0.0002715162798944,1.662344570782632e-05,0.0,0.6924489879610369,0.6703773634153513,0.6601228921462619,0.6854588455241583,0.701660547193917,megamarket,sasrec,128,128,256,0.0027219412920454
1.2392648680802549e-06,8.055221642521656e-06,6.753993531037389e-05,1.425154598292293e-05,4.337427038280892e-06,0.0,1.108229713855088e-05,0.0002715162798944,1.662344570782632e-05,0.0,0.0,1.847049523091813e-06,7.517091788987899e-06,2.124106951555585e-06,0.0,0.0,1.847049523091813e-06,7.517091788987899e-06,2.124106951555585e-06,0.0,0.0,3.947593890418492e-06,5.014839878879358e-05,5.209148563252196e-06,0.0,0.0,1.108229713855088e-06,2.715162798944966e-06,8.31172285391316e-07,0.0,0.0,1.108229713855088e-05,0.0002715162798944,1.662344570782632e-05,0.0,0.6924489879610369,0.6703773634153513,0.6601228921462619,0.6854588455241583,0.701660547193917,megamarket,sasrec,128,128,256,0.0047715952926291
0.012415575080862,0.0525615604823218,0.1646574052272192,0.0777452814990147,0.0346634776250728,0.004045038455571,0.0190172218897533,0.0519150209455415,0.0274065208236363,0.0127446417093335,0.004045038455571,0.007887501754697,0.0090447559630093,0.0084589773419706,0.0070582226950669,0.004045038455571,0.007887501754697,0.0090447559630093,0.0084589773419706,0.0070582226950669,0.004045038455571,0.0104824743967232,0.0170516048904899,0.0125903215144509,0.0084620439006273,0.004045038455571,0.0019017221889753,0.0005191502094554,0.0013703260411818,0.0025489283418667,0.004045038455571,0.0190172218897533,0.0519150209455415,0.0274065208236363,0.0127446417093335,0.418906758203177,0.4504248498713132,0.4919965039555065,0.4623902443653133,0.4392784192397496,megamarket,sasrec,128,128,256,0.0001123941252168
0.0129602319903833,0.0530535486349497,0.1460888800763387,0.0753888193523601,0.0358946872715105,0.0043165547354655,0.0196489128266507,0.0515603874371079,0.0278719773034554,0.0132156393377219,0.0043165547354655,0.00823302315215,0.0093610147124411,0.008799411639867,0.0073813640091318,0.0043165547354655,0.00823302315215,0.0093610147124411,0.008799411639867,0.0073813640091318,0.0043165547354655,0.0108953210944289,0.0172725946916737,0.012968972816539,0.0088218193860243,0.0043165547354655,0.001964891282665,0.000515603874371,0.0013935988651727,0.0026431278675443,0.0043165547354655,0.0196489128266507,0.0515603874371079,0.0278719773034554,0.0132156393377219,0.4167500169549653,0.4465856855515291,0.4865908865420672,0.458197151253472,0.4358109590189145,megamarket,sasrec,128,128,256,4.590053552499667e-05
0.0107208803737622,0.0469241445974248,0.161937838474217,0.0711505335035257,0.0302863941110133,0.0036349934614446,0.0172551366447237,0.0491832347008888,0.0249074628188931,0.0111377086242436,0.0036349934614446,0.0070481452808236,0.0081383559693093,0.0075692771444485,0.0062400721088133,0.0036349934614446,0.0070481452808236,0.0081383559693093,0.0075692771444485,0.0062400721088133,0.0036349934614446,0.0094197459832496,0.0157396748538595,0.0113422573693419,0.0074499316713199,0.0036349934614446,0.0017255136644723,0.0004918323470088,0.0012453731409446,0.0022275417248487,0.0036349934614446,0.0172551366447237,0.0491832347008888,0.0249074628188931,0.0111377086242436,0.4037928072668055,0.4357150845752065,0.4788837253688403,0.4479832147761547,0.4244478367071131,megamarket,sasrec,128,128,256,0.0003172936248944
0.0121466546044886,0.0487421461588985,0.1290434114483288,0.0686967890647268,0.0332531942051974,0.0041558614269565,0.0191058802668617,0.049992242392003,0.0267415829953232,0.0125673249551166,0.0041558614269565,0.0079249440871722,0.0090038340843265,0.0084511617612339,0.0070641332535407,0.0041558614269565,0.0079249440871722,0.0090038340843265,0.0084511617612339,0.0070641332535407,0.0041558614269565,0.0105257443674304,0.0166778054076989,0.0124518322416693,0.008423330797121,0.0041558614269565,0.0019105880266861,0.00049992242392,0.0013370791497661,0.0025134649910233,0.0041558614269565,0.0191058802668617,0.049992242392003,0.0267415829953232,0.0125673249551166,0.4117428119604578,0.4409561795432569,0.4795262877633381,0.4522059322248903,0.4304473449229847,megamarket,sasrec,128,128,256,0.0001473575448251
0.0111719727857434,0.0336441822710767,0.075788482272316,0.0437299393999479,0.0250827209299443,0.0038954274442006,0.0167453509763503,0.0413037214353791,0.0233559412194959,0.0114923421326772,0.0038954274442006,0.0071871335585678,0.0080695294521376,0.0076387703061859,0.0064939490657623,0.0038954274442006,0.0071871335585678,0.0080695294521376,0.0076387703061859,0.0064939490657623,0.0038954274442006,0.009417557292974,0.0143498804010785,0.0110800981994709,0.0077269294073468,0.0038954274442006,0.001674535097635,0.0004130372143537,0.0011677970609747,0.0022984684265354,0.0038954274442006,0.0167453509763503,0.0413037214353791,0.0233559412194959,0.0114923421326772,0.3895527084758782,0.4146209568692783,0.4452693593320707,0.4242593845083935,0.4054859719014392,megamarket,sasrec,128,128,256,1.378544672920968e-05
0.0106694508817369,0.0310665113454698,0.0718153991052507,0.040333734028974,0.0233991796066573,0.0036959460957067,0.0159695901766518,0.0393754017332712,0.0220537713057162,0.0110822971385508,0.0036959460957067,0.0069058499048857,0.0077352306921806,0.0073235352977836,0.0062541096851888,0.0036959460957067,0.0069058499048857,0.0077352306921806,0.0073235352977836,0.0062541096851888,0.0036959460957067,0.0090259980904296,0.0137064535860275,0.0105586373255618,0.0074460574616387,0.0036959460957067,0.0015969590176651,0.0003937540173327,0.0011026885652858,0.0022164594277101,0.0036959460957067,0.0159695901766518,0.0393754017332712,0.0220537713057162,0.0110822971385508,0.3840431746634206,0.4086568804427339,0.4383055352375772,0.4178834203918946,0.399757979337952,megamarket,sasrec,128,128,256,1.2156269745484625e-05
0.0173645793315405,0.0614223042890957,0.2012336881761739,0.0882424745640885,0.0424745640885826,0.0034299709643814,0.0145953853314715,0.0378571270252898,0.0205964492319968,0.0099075736418644,0.0034299709643814,0.0062214344995779,0.0070395638597752,0.0066353877473732,0.0056056105976313,0.0034299709643814,0.0062214344995779,0.0070395638597752,0.0066353877473732,0.0056056105976313,0.0034299709643814,0.0081708079246316,0.0128092296291506,0.0096850587146925,0.0066646989636771,0.0034299709643814,0.0014595385331471,0.0003785712702528,0.0010298224615998,0.0019815147283728,0.0034299709643814,0.0145953853314715,0.0378571270252898,0.0205964492319968,0.0099075736418644,0.4414305495886875,0.4594709919125482,0.4880104142321794,0.4668933318556242,0.4529419659709472,megamarket,sasrec,128,128,256,0.0010003169007994
1.2392648680802549e-06,8.055221642521656e-06,6.753993531037389e-05,1.425154598292293e-05,4.337427038280892e-06,0.0,1.108229713855088e-05,0.0002715162798944,1.662344570782632e-05,0.0,0.0,1.847049523091813e-06,7.517091788987899e-06,2.124106951555585e-06,0.0,0.0,1.847049523091813e-06,7.517091788987899e-06,2.124106951555585e-06,0.0,0.0,3.947593890418492e-06,5.014839878879358e-05,5.209148563252196e-06,0.0,0.0,1.108229713855088e-06,2.715162798944966e-06,8.31172285391316e-07,0.0,0.0,1.108229713855088e-05,0.0002715162798944,1.662344570782632e-05,0.0,0.6924489879610369,0.6703773634153513,0.6601228921462619,0.6854588455241583,0.701660547193917,megamarket,sasrec,128,128,256,0.0081869357391307
0.0099506772582504,0.0427961533218494,0.1380057749742852,0.0635934963379723,0.0279863185158563,0.0032914422501496,0.0157036150453265,0.0449054680054081,0.022491522042689,0.0103785712702528,0.0032914422501496,0.0064064472934743,0.007390903812902,0.0068687534395122,0.0057045200995929,0.0032914422501496,0.0064064472934743,0.007390903812902,0.0068687534395122,0.0057045200995929,0.0032914422501496,0.0085702467911648,0.0143282832717973,0.0102754811430572,0.0068569234650379,0.0032914422501496,0.0015703615045326,0.000449054680054,0.0011245761021344,0.0020757142540505,0.0032914422501496,0.0157036150453265,0.0449054680054081,0.022491522042689,0.0103785712702528,0.3975820925108962,0.4284891840823269,0.4727979604881724,0.4409941251397813,0.4170941723238447,megamarket,sasrec,128,128,256,0.0007052294915889
0.0140396316904812,0.0540220341293544,0.189484217961905,0.0794560866493995,0.036396589543083,0.0030531728616707,0.0138861183146042,0.0391315911962231,0.0201420750493162,0.0096138927676928,0.0030531728616707,0.0058254050931423,0.0067030428153076,0.0062567821287847,0.0052614129190031,0.0030531728616707,0.0058254050931423,0.0067030428153076,0.0062567821287847,0.0052614129190031,0.0030531728616707,0.0077083717905959,0.0127263305127931,0.009286625873575,0.0063330969930738,0.0030531728616707,0.0013886118314604,0.0003913159119622,0.0010071037524658,0.0019227785535385,0.0030531728616707,0.0138861183146042,0.0391315911962231,0.0201420750493162,0.0096138927676928,0.4191770316998068,0.4423472748596833,0.4753769273967312,0.4512294100399897,0.4341969490685712,megamarket,sasrec,128,128,256,0.0014446468795456
0.0105684507949884,0.0462047513415042,0.1591928667914193,0.069858599878552,0.0298582280990916,0.0034909235986435,0.0165514107764257,0.0472604561473502,0.0240652082363632,0.0108384866015027,0.0034909235986435,0.0068052340809837,0.0078573964376304,0.0073133011522616,0.0060524118772672,0.0034909235986435,0.0068052340809837,0.0078573964376304,0.0073133011522616,0.0060524118772672,0.0034909235986435,0.0090729519457734,0.0151590409895329,0.0109559100079424,0.0072350540627111,0.0034909235986435,0.0016551410776425,0.0004726045614735,0.0012032604118181,0.0021676973203005,0.0034909235986435,0.0165514107764257,0.0472604561473502,0.0240652082363632,0.0108384866015027,0.4004961643619818,0.4323849321930286,0.4743571167002285,0.4444129865302592,0.4210371289730379,megamarket,sasrec,128,128,256,0.0004065441732361
1.2392648680802549e-06,8.055221642521656e-06,6.753993531037389e-05,1.425154598292293e-05,4.337427038280892e-06,0.0,1.108229713855088e-05,0.0002715162798944,1.662344570782632e-05,0.0,0.0,1.847049523091813e-06,7.517091788987899e-06,2.124106951555585e-06,0.0,0.0,1.847049523091813e-06,7.517091788987899e-06,2.124106951555585e-06,0.0,0.0,3.947593890418492e-06,5.014839878879358e-05,5.209148563252196e-06,0.0,0.0,1.108229713855088e-06,2.715162798944966e-06,8.31172285391316e-07,0.0,0.0,1.108229713855088e-05,0.0002715162798944,1.662344570782632e-05,0.0,0.6924489879610369,0.6703773634153513,0.6601228921462619,0.6854588455241583,0.701660547193917,megamarket,sasrec,128,128,256,0.0035629264866458
6.196324340401274e-06,2.5404929795645224e-05,0.0001796934058716,4.585280011896943e-05,1.425154598292293e-05,5.54114856927544e-06,0.0007203493140058,0.0050202806037635,0.0014019105880266,0.0004100449941263,5.54114856927544e-06,0.0001657089275115,0.0002923390178642,0.0002193148320299,0.0001305864012825,5.54114856927544e-06,0.0001657089275115,0.0002923390178642,0.0002193148320299,0.0001305864012825,5.54114856927544e-06,0.0002929874684514,0.001104094957775,0.0004730618374462,0.0001990926191805,5.54114856927544e-06,7.203493140058071e-05,5.0202806037635486e-05,7.009552940133432e-05,8.200899882527652e-05,5.54114856927544e-06,0.0007203493140058,0.0050202806037635,0.0014019105880266,0.0004100449941263,0.2019050413446098,0.2559339050547534,0.3158410620981857,0.2829817655917988,0.23246461060694,megamarket,sasrec,128,128,256,0.0095099121223764
0.0102295118535684,0.0433680740584685,0.1322419540728439,0.0630847781096253,0.0287583805286703,0.0037846044728151,0.016839550502028,0.0462852139991577,0.0242314426934414,0.0113094842298911,0.0037846044728151,0.0070793450256845,0.0081082085856676,0.0075844885380778,0.0063499715554373,0.0037846044728151,0.0070793450256845,0.0081082085856676,0.0075844885380778,0.0063499715554373,0.0037846044728151,0.0093519098786634,0.0152184109391055,0.0112108841817335,0.0075723035381503,0.0037846044728151,0.0016839550502028,0.0004628521399915,0.001211572134672,0.0022618968459782,0.0037846044728151,0.016839550502028,0.0462852139991577,0.0242314426934414,0.0113094842298911,0.3956401257341932,0.4261808010857675,0.4677862115420772,0.4379496202712765,0.4152050827588383,megamarket,sasrec,128,128,256,0.000484456677702
0.0099023459283952,0.0412935446693021,0.1448105783649139,0.0616528075545586,0.0270878514864982,0.0027594919874991,0.0126781479265022,0.0385331471507414,0.0186515060841811,0.0083228051510517,0.0027594919874991,0.0052254526238833,0.0060873826278586,0.0056296541031257,0.0046508706991451,0.0027594919874991,0.0052254526238833,0.0060873826278586,0.0056296541031257,0.0046508706991451,0.0027594919874991,0.0069579949215416,0.0120392793630575,0.008455222706139,0.0055562089773511,0.0027594919874991,0.0012678147926502,0.0003853314715074,0.000932575304209,0.0016645610302103,0.0027594919874991,0.0126781479265022,0.0385331471507414,0.0186515060841811,0.0083228051510517,0.3922035021028029,0.4220951711068182,0.4637212625675594,0.4337378667956016,0.4113270539946549,megamarket,sasrec,128,128,256,0.0018895351033593
0.0150130742443582,0.0576921170361741,0.1485760846665758,0.0792850680976045,0.040319482482991,0.0046434825010528,0.0205077908548884,0.0511614247401201,0.0284925859432143,0.0139470709488662,0.0046434825010528,0.0087300026104966,0.00982348118347,0.0092822215102036,0.0078685233208472,0.0046434825010528,0.0087300026104966,0.00982348118347,0.0092822215102036,0.0078685233208472,0.0046434825010528,0.0114771919917718,0.0176192300782379,0.0134936368158626,0.0093697886145996,0.0046434825010528,0.0020507790854888,0.0005116142474012,0.0014246292971607,0.0027894141897732,0.0046434825010528,0.0205077908548884,0.0511614247401201,0.0284925859432143,0.0139470709488662,0.4135200833064735,0.4392730802864801,0.4747371796455761,0.449639733436913,0.4299164057342888,megamarket,sasrec,256,128,256,4.144276031949147e-05
0.010331751205185,0.0308031675610028,0.0810336708264657,0.0410035566901713,0.0229084307188975,0.0032360307644568,0.014445774320101,0.0367322738657268,0.0201309927521776,0.009918655939003,0.0032360307644568,0.0061203085381887,0.006895927092093,0.0065099334773684,0.0055222163116637,0.0032360307644568,0.0061203085381887,0.006895927092093,0.0065099334773684,0.0055222163116637,0.0032360307644568,0.0080646246495936,0.0124968825801873,0.0094960106424358,0.0066068706137566,0.0032360307644568,0.0014445774320101,0.0003673227386572,0.0010065496376088,0.0019837311878006,0.0032360307644568,0.014445774320101,0.0367322738657268,0.0201309927521776,0.009918655939003,0.3538754099112824,0.3798546689950748,0.4127949006225569,0.3894902298398628,0.3702593656989907,megamarket,sasrec,256,128,256,1.4740066021252706e-05
0.0173757327153532,0.076190004089574,0.2481336671086711,0.1129812994931406,0.049784367912954,0.0046601059467606,0.0207737659862136,0.0544861138816853,0.0296451448456236,0.0140468116231132,0.0046601059467606,0.0088069410186073,0.0100071164757632,0.0094168230951262,0.0079183936579707,0.0046601059467606,0.0088069410186073,0.0100071164757632,0.0094168230951262,0.0079183936579707,0.0046601059467606,0.0115987619413855,0.0183479588432609,0.0138345668966811,0.0094326372924678,0.0046601059467606,0.0020773765986213,0.0005448611388168,0.0014822572422811,0.0028093623246226,0.0046601059467606,0.0207737659862136,0.0544861138816853,0.0296451448456236,0.0140468116231132,0.4365915314673452,0.4630342296320219,0.5006112171021438,0.4735378162182648,0.4535372898205463,megamarket,sasrec,256,128,256,0.0001977479946866
6.815956774441402e-05,0.0004070985091643,0.0028149901478442,0.0007559515695289,0.0002435155465777,3.324689141565264e-05,0.0008533368796684,0.0036460757585832,0.0011747234966863,0.0003103043198794,3.324689141565264e-05,0.0001894237240669,0.0002610150772105,0.0002116325053224,0.0001125776684324,3.324689141565264e-05,0.0001894237240669,0.0002610150772105,0.0002116325053224,0.0001125776684324,3.324689141565264e-05,0.0003405735101984,0.0008528583747223,0.0004217083789015,0.00016060004187,3.324689141565264e-05,8.533368796684176e-05,3.646075758583239e-05,5.873617483431965e-05,6.206086397588492e-05,3.324689141565264e-05,0.0008533368796684,0.0036460757585832,0.0011747234966863,0.0003103043198794,0.3082802067702423,0.3409929372703811,0.3717259112216723,0.3532631308439921,0.3651884604672274,megamarket,sasrec,256,128,256,0.0048925546317432
0.014130098025851,0.0515428847607599,0.131300732405537,0.0699794282031898,0.0366159394247332,0.0045603652725136,0.0197375712037591,0.048584790655407,0.0274342265664827,0.0133153800119688,0.0045603652725136,0.0084260991967621,0.009458508398916,0.008957862097028,0.0075847241616242,0.0045603652725136,0.0084260991967621,0.009458508398916,0.008957862097028,0.0075847241616242,0.0045603652725136,0.0110608782599397,0.016843972099757,0.0130040352207286,0.0089999679166363,0.0045603652725136,0.0019737571203759,0.000485847906554,0.0013717113283241,0.0026630760023937,0.0045603652725136,0.0197375712037591,0.048584790655407,0.0274342265664827,0.0133153800119688,0.4043900003895433,0.4290046551624554,0.4629849634837642,0.4389800644009263,0.4198449427065246,megamarket,sasrec,256,128,256,3.0190590849990283e-05
1.177301624676242e-05,4.647243255300956e-05,0.0003054787899817,8.550927589753757e-05,3.1601254136046494e-05,0.0001939401999246,0.0006815612740208,0.0047820112152847,0.0013132522109182,0.0004211272912649,0.0001939401999246,0.0003100580466096,0.0004295495534134,0.0003539313238088,0.0002750256739883,0.0001939401999246,0.0003100580466096,0.0004295495534134,0.0003539313238088,0.0002750256739883,0.0001939401999246,0.0003957467332897,0.001173480472323,0.0005555456908308,0.0003112370492329,0.0001939401999246,6.81561274020879e-05,4.782011215284705e-05,6.566261054591397e-05,8.422545825298668e-05,0.0001939401999246,0.0006815612740208,0.0047820112152847,0.0013132522109182,0.0004211272912649,0.2562180715621506,0.3075079354573061,0.3559036451319669,0.3179254586358335,0.2939830391179613,megamarket,sasrec,256,128,256,0.0082549612933688
0.015225608169234,0.0654901912185691,0.1945119155317066,0.0951389835549552,0.0434851845885021,0.0047321408781612,0.0209455415918611,0.0539652459161735,0.0298280027484096,0.0140523527716825,0.0047321408781612,0.0088195581259448,0.0100053738624281,0.0094322860364723,0.0079146072064484,0.0047321408781612,0.0088195581259448,0.0100053738624281,0.0094322860364723,0.0079146072064484,0.0047321408781612,0.0116419160103702,0.0182699068033267,0.0138830931507634,0.0094280378529833,0.0047321408781612,0.0020945541591861,0.0005396524591617,0.0014914001374204,0.0028104705543365,0.0047321408781612,0.0209455415918611,0.0539652459161735,0.0298280027484096,0.0140523527716825,0.4236967732530801,0.4502644495656852,0.4866816370911536,0.4607210030387596,0.4407331758896269,megamarket,sasrec,256,128,256,0.0001018038513266
0.0166222596755604,0.0721493809871983,0.2296847310175603,0.1065773982873359,0.0474793352583247,0.0046933528381762,0.0209510827404304,0.0547964182015648,0.0296396036970543,0.0139636943945741,0.0046933528381762,0.0087964172340626,0.0099950566490392,0.009394290005287,0.007879143855605,0.0046933528381762,0.0087964172340626,0.0099950566490392,0.009394290005287,0.007879143855605,0.0046933528381762,0.0116247918010466,0.0183938911448156,0.0138152963859024,0.0093805299656677,0.0046933528381762,0.002095108274043,0.0005479641820156,0.0014819801848527,0.0027927388789148,0.0046933528381762,0.0209510827404304,0.0547964182015648,0.0296396036970543,0.0139636943945741,0.4343883786369162,0.4598695696199877,0.4967960495342892,0.4702037967527022,0.4505486590883665,megamarket,sasrec,256,128,256,8.73022175384079e-05
0.0168403702923425,0.0680505124360229,0.2185195741885913,0.0987272749804815,0.0457821620214888,0.0032969833987188,0.0149333953941973,0.0408548884012678,0.0210951526032316,0.009918655939003,0.0032969833987188,0.0062471348743707,0.0071344742217465,0.0066687889954382,0.0055852007004011,0.0032969833987188,0.0062471348743707,0.0071344742217465,0.0066687889954382,0.0055852007004011,0.0032969833987188,0.0082693425807466,0.0134038133442189,0.0098197077493202,0.0066551520931573,0.0032969833987188,0.0014933395394197,0.0004085488840126,0.0010547576301615,0.0019837311878006,0.0032969833987188,0.0149333953941973,0.0408548884012678,0.0210951526032316,0.009918655939003,0.4186431881675142,0.4416459606539543,0.476037394035596,0.4509986037999881,0.4331885497824758,megamarket,sasrec,256,128,256,0.0020664559799458
0.0184644269019617,0.0796494119688201,0.2559404161451427,0.1177375980568326,0.0524116094332841,0.0045659064210829,0.0206130726777046,0.0544694904359775,0.0291575237715273,0.0138251656803422,0.0045659064210829,0.0086940401165083,0.0098943829121135,0.0092827813054192,0.0077939948725905,0.0045659064210829,0.0086940401165083,0.0098943829121135,0.0092827813054192,0.0077939948725905,0.0045659064210829,0.0114740532678248,0.0182490129641134,0.0136289836412451,0.0092848402740614,0.0045659064210829,0.0020613072677704,0.0005446949043597,0.0014578761885763,0.0027650331360684,0.0045659064210829,0.0206130726777046,0.0544694904359775,0.0291575237715273,0.0138251656803422,0.4425109200435078,0.4683054053424358,0.5062838946916632,0.4788708769675491,0.4588809736615746,megamarket,sasrec,256,128,256,0.0001230981141673
0.017541794207676,0.0675207267049186,0.1757773288885033,0.0929275153978659,0.0472593657442405,0.0048817518895316,0.0212336813174634,0.0520369262140656,0.0291187357315424,0.014384821685839,0.0048817518895316,0.0090548216612117,0.0101441406747735,0.0095968560772904,0.0081563859890211,0.0048817518895316,0.0090548216612117,0.0101441406747735,0.0095968560772904,0.0081563859890211,0.0048817518895316,0.0118927421820614,0.0180506793480618,0.0138800137744035,0.0096936890830679,0.0048817518895316,0.0021233681317463,0.0005203692621406,0.0014559367865771,0.0028769643371678,0.0048817518895316,0.0212336813174634,0.0520369262140656,0.0291187357315424,0.014384821685839,0.4181073535730618,0.4412472647744699,0.4749719585862503,0.4508805999707266,0.4325611860078739,megamarket,sasrec,512,128,256,7.11409371332722e-05
0.0245293891663465,0.1082553629187166,0.3218600126405017,0.1566523738118548,0.0718079635160422,0.0050369040494713,0.0212946339517255,0.050435534277545,0.0290356185030033,0.0145787618857636,0.0050369040494713,0.0091967476272449,0.0102394149178598,0.0097266405890042,0.0083100605093423,0.0050369040494713,0.0091967476272449,0.0102394149178598,0.0097266405890042,0.0083100605093423,0.0050369040494713,0.0120189618887052,0.0178661614735954,0.0139671248530901,0.0098570096404504,0.0050369040494713,0.0021294633951725,0.0005043553427754,0.0014517809251501,0.0029157523771527,0.0050369040494713,0.0212946339517255,0.050435534277545,0.0290356185030033,0.0145787618857636,0.4545154820392246,0.4771863309566501,0.5088166037861478,0.4856970402604005,0.469398934207005,megamarket,sasrec,512,128,256,0.0008844956584765
6.815956774441401e-06,3.407978387220701e-05,0.0001747363463993,5.142949202533057e-05,2.0447870323324205e-05,2.216459427710176e-05,0.0003767981027107,0.0048152581067003,0.0009918655939003,0.0001883990513553,2.216459427710176e-05,0.0001044000765558,0.0002171401771178,0.0001462655070768,8.071606415911223e-05,2.216459427710176e-05,0.0001044000765558,0.0002171401771178,0.0001462655070768,8.071606415911223e-05,2.216459427710176e-05,0.0001669808050109,0.0009737012405861,0.0003215014067075,0.0001075271127927,2.216459427710176e-05,3.767981027107299e-05,4.815258106700358e-05,4.959327969501519e-05,3.7679810271073e-05,2.216459427710176e-05,0.0003767981027107,0.0048152581067003,0.0009918655939003,0.0001883990513553,0.289613130638837,0.3207512037555997,0.3190439322718932,0.3060335297856278,0.3244550371295978,megamarket,sasrec,512,128,256,0.0055142245321005
0.0170758306172778,0.0649690803415413,0.1669339347898826,0.0890095795174302,0.0456105238372597,0.0048706695923931,0.0209566238889997,0.0516379635170778,0.0286976084402775,0.0142795398630228,0.0048706695923931,0.0090545424049147,0.0101389759491863,0.0095892870409866,0.0081719012050151,0.0048706695923931,0.0090545424049147,0.0101389759491863,0.0095892870409866,0.0081719012050151,0.0048706695923931,0.0118326234188411,0.017964242648953,0.0137868061237816,0.009681984577471,0.0048706695923931,0.0020956623888999,0.0005163796351707,0.0014348804220138,0.0028559079726045,0.0048706695923931,0.0209566238889997,0.0516379635170778,0.0286976084402775,0.0142795398630228,0.4143712506029272,0.4378195734841871,0.4711121579138424,0.4475146658112525,0.4290376293259471,megamarket,sasrec,512,128,256,5.2340762689827286e-05
0.0164574374481057,0.0638543615927032,0.1649913871091668,0.0879376154065408,0.0445862714237914,0.0049316222266551,0.0211394817917858,0.0521311257397433,0.0291796883658044,0.0145676795886251,0.0049316222266551,0.0091297349114524,0.0102297297638211,0.0096819620518581,0.0082571425405057,0.0049316222266551,0.0091297349114524,0.0102297297638211,0.0096819620518581,0.0082571425405057,0.0049316222266551,0.0119363251715199,0.0181379488091574,0.0139620707167211,0.0098156513953312,0.0049316222266551,0.0021139481791785,0.0005213112573974,0.0014589844182902,0.002913535917725,0.0049316222266551,0.0211394817917858,0.0521311257397433,0.0291796883658044,0.0145676795886251,0.4124747419154615,0.4354635535402009,0.4691797107064291,0.4451792117808328,0.4267415658344665,megamarket,sasrec,512,128,256,8.701675796092602e-05
0.0216908529860087,0.1012014672896038,0.32032146530678,0.1493915209497726,0.0659951916523118,0.0048762107409623,0.0219651129286078,0.0556719196755103,0.0310525965822195,0.0148558193142274,0.0048762107409623,0.0092784883641157,0.0104914166433842,0.0099050740957698,0.0083449697453288,0.0048762107409623,0.0092784883641157,0.0104914166433842,0.0099050740957698,0.0083449697453288,0.0048762107409623,0.012237832295486,0.0190087071083346,0.0145302856074566,0.0099540611565899,0.0048762107409623,0.0021965112928607,0.0005567191967551,0.0015526298291109,0.0029711638628454,0.0048762107409623,0.0219651129286078,0.0556719196755103,0.0310525965822195,0.0148558193142274,0.4494061526493688,0.4724511850562606,0.5062544876242311,0.4814611190081083,0.4645435283115496,megamarket,sasrec,512,128,256,0.0002794342145241
0.0229418908703357,0.1069274906125686,0.3348747722850805,0.1583786697730906,0.0691385869901974,0.0049427045237936,0.0219761952257463,0.0549515703615045,0.0308863621251413,0.0148004078285346,0.0049427045237936,0.009369226870806,0.010560962599236,0.0099854859202987,0.0084222687678702,0.0049427045237936,0.009369226870806,0.010560962599236,0.0099854859202987,0.0084222687678702,0.0049427045237936,0.0123111708266952,0.0189436321614321,0.0145613926199111,0.0100013701941051,0.0049427045237936,0.0021976195225746,0.000549515703615,0.001544318106257,0.0029600815657069,0.0049427045237936,0.0219761952257463,0.0549515703615045,0.0308863621251413,0.0148004078285346,0.4517392891727327,0.4766603945732707,0.5119901736571159,0.486249976671236,0.4678710027979025,megamarket,sasrec,512,128,256,0.0002979621373933
